regressor, f3_mse, f3_var, f5_mse, f5_var, f3_test, f5_test
Linear Regression,0.04966358180511706,0.38660153541863396,0.0004232503701208393,0.8145092898118976,0.44312059692028927,0.0003988748620627861
KNN,0.02086512656355776,0.7637890937371465,0.00017183402149272995,0.9234514730831364,0.4490174336684589,0.0001553010351213592
Decision Tree,0.018640957216186582,0.7868032557954907,0.0002120315727216764,0.9061027459794635,0.45011936174109596,0.00018867738313942863
Random Forest,0.0182392844452728,0.7915692717005719,0.00018401253352939671,0.9184495151594761,0.4500006762969474,0.0001593298489941624
Gradient Boosting,0.017730023985005998,0.7932860897420715,0.00019765948318344121,0.9114243786280894,0.44933374963324685,0.00017246617611096145
MLP,0.019233261454164183,0.7692287718799157,0.00043591085457397183,0.80710605021446,0.4379314090741752,0.00040780871855271604
SVR,0.036776816903426074,0.5432720954720005,0.003382786629310525,0.8566180431826085,0.3777519524271197,0.0034584639166382095
